full_date,weekday,time,mood
2022-02-01,Tuesday,18:07,meh
2022-02-01,Tuesday,11:49,fine I’m fine 
2022-01-31,Monday,21:00,fine I’m fine 
2022-01-30,Sunday,18:22,fine I’m fine 
2022-01-29,Saturday,20:31,meh
2022-01-28,Friday,23:59,fine I’m fine 
2022-01-28,Friday,16:35,meh
2022-01-27,Thursday,23:41,sick
2022-01-26,Wednesday,21:22,meh
2022-01-26,Wednesday,13:21,fine I’m fine 
2022-01-25,Tuesday,19:11,fine I’m fine 
2022-01-25,Tuesday,16:18,fine I’m fine 
2022-01-24,Monday,21:00,fine I’m fine 
2022-01-23,Sunday,22:36,meh
2022-01-22,Saturday,21:00,fine I’m fine 
2022-01-22,Saturday,16:01,in love
2022-01-21,Friday,22:30,fine I’m fine 
2022-01-20,Thursday,21:00,fine I’m fine 
2022-01-19,Wednesday,21:00,fine I’m fine 
2022-01-19,Wednesday,13:01,meh
2022-01-18,Tuesday,22:05,fine I’m fine 
2022-01-17,Monday,21:21,fine I’m fine 
2022-01-16,Sunday,16:46,meh
2022-01-15,Saturday,14:36,bad
2022-01-14,Friday,21:01,meh
2022-01-13,Thursday,19:29,meh
2022-01-13,Thursday,15:51,fine I’m fine 
2022-01-12,Wednesday,23:29,fine I’m fine 
2022-01-11,Tuesday,19:40,fine I’m fine 
2022-01-10,Monday,21:33,fine I’m fine 
2022-01-09,Sunday,15:51,fine I’m fine 
2022-01-08,Saturday,13:33,fine I’m fine 
2022-01-07,Friday,15:51,meh
2022-01-06,Thursday,16:33,fine I’m fine 
2022-01-05,Wednesday,18:09,fine I’m fine 
2022-01-05,Wednesday,11:34,anxious
2022-01-04,Tuesday,21:00,meh
2022-01-03,Monday,22:57,meh
2022-01-03,Monday,15:15,wannadie
2022-01-02,Sunday,14:01,meh
2022-01-01,Saturday,15:00,meh
2022-01-01,Saturday,14:00,fine I’m fine 
2021-12-31,Friday,12:44,meh
2021-12-31,Friday,12:44,anxious
2021-12-30,Thursday,21:00,meh
2021-12-29,Wednesday,23:08,fine I’m fine 
2021-12-29,Wednesday,14:13,meh
2021-12-28,Tuesday,22:13,fine I’m fine 
2021-12-27,Monday,15:44,meh
2021-12-27,Monday,15:44,anxious
2021-12-26,Sunday,21:52,meh
2021-12-25,Saturday,18:31,meh
2021-12-24,Friday,15:52,fine I’m fine 
2021-12-23,Thursday,18:35,fine I’m fine 
2021-12-23,Thursday,12:35,meh
2021-12-22,Wednesday,18:35,fine I’m fine 
2021-12-21,Tuesday,20:07,fine I’m fine 
2021-12-21,Tuesday,12:07,meh
2021-12-20,Monday,10:53,meh
2021-12-19,Sunday,19:17,meh
2021-12-18,Saturday,17:31,meh
2021-12-18,Saturday,12:31,fine I’m fine 
2021-12-17,Friday,16:58,meh
2021-12-16,Thursday,21:41,fine I’m fine 
2021-12-16,Thursday,14:30,fine I’m fine 
2021-12-16,Thursday,14:29,meh
2021-12-15,Wednesday,21:00,meh
2021-12-14,Tuesday,22:16,meh
2021-12-13,Monday,22:35,fine I’m fine 
2021-12-12,Sunday,19:49,fine I’m fine 
2021-12-11,Saturday,21:00,fine I’m fine 
2021-12-10,Friday,13:52,fine I’m fine 
2021-12-09,Thursday,22:44,fine I’m fine 
2021-12-09,Thursday,10:51,meh
2021-12-08,Wednesday,20:59,meh
2021-12-07,Tuesday,21:00,meh
2021-12-06,Monday,21:00,meh
2021-12-05,Sunday,17:44,meh
2021-12-04,Saturday,17:43,fine I’m fine 
2021-12-03,Friday,21:00,fine I’m fine 
2021-12-02,Thursday,12:09,meh
2021-12-01,Wednesday,19:55,bad
2021-11-30,Tuesday,22:15,fine I’m fine 
2021-11-29,Monday,19:32,fine I’m fine 
2021-11-28,Sunday,21:00,fine I’m fine 
2021-11-27,Saturday,13:32,fine I’m fine 
2021-11-26,Friday,15:00,fine I’m fine 
2021-11-25,Thursday,21:00,sick
2021-11-24,Wednesday,23:49,fine I’m fine 
2021-11-24,Wednesday,13:14,fine I’m fine 
2021-11-23,Tuesday,19:19,meh
2021-11-22,Monday,16:11,meh
2021-11-21,Sunday,15:43,meh
2021-11-21,Sunday,00:03,fine I’m fine 
2021-11-20,Saturday,19:44,meh
2021-11-20,Saturday,00:49,bad
2021-11-19,Friday,21:00,meh
2021-11-18,Thursday,18:09,meh
2021-11-18,Thursday,01:28,bad
2021-11-17,Wednesday,12:35,fine I’m fine 
2021-11-16,Tuesday,21:00,fine I’m fine 
2021-11-15,Monday,22:37,fine I’m fine 
2021-11-15,Monday,14:22,meh
2021-11-14,Sunday,18:07,fine I’m fine 
2021-11-13,Saturday,15:07,fine I’m fine 
2021-11-12,Friday,21:18,meh
2021-11-12,Friday,17:18,fine I’m fine 
2021-11-11,Thursday,17:37,fine I’m fine 
2021-11-10,Wednesday,19:24,fine I’m fine 
2021-11-10,Wednesday,16:31,calm happy
2021-11-09,Tuesday,16:35,fine I’m fine 
2021-11-08,Monday,10:27,fine I’m fine 
2021-11-07,Sunday,21:46,meh
2021-11-06,Saturday,21:00,little tears
2021-11-06,Saturday,14:00,fine I’m fine 
2021-11-06,Saturday,08:45,sick
2021-11-05,Friday,20:26,fine I’m fine 
2021-11-04,Thursday,21:54,agitated
2021-11-04,Thursday,10:51,fine I’m fine 
2021-11-03,Wednesday,21:00,fine I’m fine 
2021-11-02,Tuesday,21:00,sick
2021-11-01,Monday,23:19,meh
2021-10-31,Sunday,19:38,sick
2021-10-30,Saturday,21:14,fine I’m fine 
2021-10-29,Friday,22:15,in love
2021-10-29,Friday,09:55,fine I’m fine 
2021-10-28,Thursday,18:58,meh
2021-10-27,Wednesday,21:31,fine I’m fine 
2021-10-26,Tuesday,13:00,fine I’m fine 
2021-10-25,Monday,14:37,fine I’m fine 
2021-10-24,Sunday,15:51,sick
2021-10-24,Sunday,03:15,fine I’m fine 
2021-10-23,Saturday,16:12,fine I’m fine 
2021-10-23,Saturday,15:56,calm happy
2021-10-22,Friday,22:19,fine I’m fine 
2021-10-22,Friday,14:42,fine I’m fine 
2021-10-21,Thursday,23:17,fine I’m fine 
2021-10-21,Thursday,19:11,sick
2021-10-20,Wednesday,22:42,fine I’m fine 
2021-10-19,Tuesday,22:22,meh
2021-10-18,Monday,15:38,anxious
2021-10-17,Sunday,17:59,sick
2021-10-16,Saturday,17:45,fine I’m fine 
2021-10-15,Friday,21:02,fine I’m fine 
2021-10-14,Thursday,15:51,fine I’m fine 
2021-10-13,Wednesday,19:07,sick
2021-10-12,Tuesday,18:28,fine I’m fine 
2021-10-11,Monday,19:32,fine I’m fine 
2021-10-10,Sunday,20:09,fine I’m fine 
2021-10-10,Sunday,14:11,sick
2021-10-10,Sunday,03:11,excited
2021-10-09,Saturday,20:13,fine I’m fine 
2021-10-09,Saturday,13:04,meh
2021-10-09,Saturday,10:38,bad
2021-10-08,Friday,18:30,fine I’m fine 
2021-10-07,Thursday,23:54,fine I’m fine 
2021-10-06,Wednesday,21:00,meh
2021-10-05,Tuesday,21:00,meh
2021-10-04,Monday,21:00,meh
2021-10-03,Sunday,01:20,fine I’m fine 
2021-10-02,Saturday,15:44,irritated
2021-10-01,Friday,17:51,sick
2021-09-30,Thursday,22:31,irritated
2021-09-29,Wednesday,21:00,meh
2021-09-28,Tuesday,21:39,irritated
2021-09-27,Monday,11:02,fine I’m fine 
2021-09-26,Sunday,15:51,meh
2021-09-25,Saturday,16:07,in love
2021-09-24,Friday,19:49,fine I’m fine 
2021-09-23,Thursday,18:30,meh
2021-09-22,Wednesday,11:08,meh
2021-09-21,Tuesday,21:00,meh
2021-09-20,Monday,21:16,sick
2021-09-19,Sunday,16:06,agitated
2021-09-18,Saturday,17:49,fine I’m fine 
2021-09-17,Friday,20:00,fine I’m fine 
2021-09-16,Thursday,21:18,fine I’m fine 
2021-09-15,Wednesday,17:08,meh
2021-09-14,Tuesday,12:50,fine I’m fine 
2021-09-13,Monday,14:09,calm happy
2021-09-12,Sunday,00:13,fine I’m fine 
2021-09-11,Saturday,18:10,fine I’m fine 
2021-09-10,Friday,16:11,fine I’m fine 
2021-09-09,Thursday,11:02,sick
2021-09-08,Wednesday,23:40,little tears
2021-09-08,Wednesday,19:27,fine I’m fine 
2021-09-08,Wednesday,19:26,meh
2021-09-07,Tuesday,22:12,meh
2021-09-06,Monday,14:09,sick
2021-09-05,Sunday,16:10,meh
2021-09-04,Saturday,18:30,fine I’m fine 
2021-09-03,Friday,18:15,meh
2021-09-03,Friday,12:41,meh
2021-09-02,Thursday,21:48,meh
2021-09-02,Thursday,14:47,fine I’m fine 
2021-09-01,Wednesday,17:00,fine I’m fine 
2021-09-01,Wednesday,15:00,calm happy
2021-08-31,Tuesday,22:52,calm happy
2021-08-30,Monday,10:51,fine I’m fine 
2021-08-29,Sunday,12:08,fine I’m fine 
2021-08-28,Saturday,18:45,fine I’m fine 
2021-08-27,Friday,12:17,calm happy
2021-08-26,Thursday,21:00,fine I’m fine 
2021-08-25,Wednesday,22:20,fine I’m fine 
2021-08-24,Tuesday,15:51,fine I’m fine 
2021-08-23,Monday,11:38,fine I’m fine 
2021-08-22,Sunday,22:02,fine I’m fine 
2021-08-22,Sunday,14:06,meh
2021-08-21,Saturday,13:43,anxious
2021-08-20,Friday,16:11,meh
2021-08-19,Thursday,22:24,meh
2021-08-18,Wednesday,15:51,fine I’m fine 
2021-08-17,Tuesday,18:36,fine I’m fine 
2021-08-16,Monday,09:20,fine I’m fine 
2021-08-15,Sunday,20:45,meh
2021-08-14,Saturday,13:03,fine I’m fine 
2021-08-14,Saturday,10:56,fine I’m fine 
2021-08-13,Friday,11:17,meh
2021-08-12,Thursday,13:16,fine I’m fine 
2021-08-11,Wednesday,21:05,fine I’m fine 
2021-08-11,Wednesday,15:16,sick
2021-08-10,Tuesday,23:31,calm happy
2021-08-09,Monday,21:48,meh
2021-08-08,Sunday,14:53,fine I’m fine 
2021-08-07,Saturday,18:13,meh
2021-08-06,Friday,17:06,fine I’m fine 
2021-08-05,Thursday,12:50,meh
2021-08-04,Wednesday,14:01,fine I’m fine 
2021-08-03,Tuesday,10:57,meh
2021-08-02,Monday,22:01,fine I’m fine 
2021-08-02,Monday,13:32,sick
2021-08-02,Monday,00:15,fine I’m fine 
2021-08-01,Sunday,12:14,meh
2021-07-31,Saturday,21:07,anxious
2021-07-31,Saturday,15:06,fine I’m fine 
2021-07-30,Friday,22:26,fine I’m fine 
2021-07-30,Friday,19:44,awful
2021-07-30,Friday,11:17,fine I’m fine 
2021-07-29,Thursday,10:52,fine I’m fine 
2021-07-28,Wednesday,22:01,meh
2021-07-28,Wednesday,21:00,fine I’m fine 
2021-07-27,Tuesday,20:00,fine I’m fine 
2021-07-26,Monday,21:37,meh
2021-07-26,Monday,13:37,fine I’m fine 
2021-07-25,Sunday,20:36,anxious
2021-07-25,Sunday,15:51,meh
2021-07-24,Saturday,10:26,fine I’m fine 
2021-07-23,Friday,13:43,meh
2021-07-22,Thursday,14:47,fine I’m fine 
2021-07-21,Wednesday,17:16,meh
2021-07-20,Tuesday,18:08,meh
2021-07-19,Monday,21:00,fine I’m fine 
2021-07-18,Sunday,18:01,fine I’m fine 
2021-07-17,Saturday,15:00,meh
2021-07-16,Friday,21:00,fine I’m fine 
2021-07-16,Friday,17:45,fine I’m fine 
2021-07-15,Thursday,19:22,fine I’m fine 
2021-07-14,Wednesday,18:00,meh
2021-07-14,Wednesday,08:37,fine I’m fine 
2021-07-13,Tuesday,18:12,fine I’m fine 
2021-07-12,Monday,15:41,fine I’m fine 
2021-07-11,Sunday,16:34,fine I’m fine 
2021-07-10,Saturday,11:44,fine I’m fine 
2021-07-09,Friday,18:14,meh
2021-07-08,Thursday,15:51,fine I’m fine 
2021-07-07,Wednesday,15:56,meh
2021-07-06,Tuesday,13:42,fine I’m fine 
2021-07-05,Monday,18:53,meh
2021-07-04,Sunday,22:00,fine I’m fine 
2021-07-03,Saturday,22:37,fine I’m fine 
2021-07-03,Saturday,19:26,meh
2021-07-02,Friday,19:58,calm happy
2021-07-01,Thursday,16:00,in love
2021-07-01,Thursday,13:02,fine I’m fine 
2021-06-30,Wednesday,22:42,fine I’m fine 
2021-06-29,Tuesday,23:16,in love
2021-06-29,Tuesday,10:16,irritated
2021-06-28,Monday,23:50,fine I’m fine 
2021-06-28,Monday,10:59,meh
2021-06-27,Sunday,21:48,calm happy
2021-06-27,Sunday,15:11,fine I’m fine 
2021-06-26,Saturday,16:41,fine I’m fine 
2021-06-25,Friday,15:51,meh
2021-06-25,Friday,15:51,fine I’m fine 
2021-06-24,Thursday,11:49,meh
2021-06-24,Thursday,02:19,anxious
2021-06-23,Wednesday,20:32,anxious
2021-06-22,Tuesday,19:56,meh
2021-06-21,Monday,14:24,meh
2021-06-21,Monday,05:25,in love
2021-06-20,Sunday,16:30,fine I’m fine 
2021-06-19,Saturday,15:55,meh
2021-06-18,Friday,14:47,meh
2021-06-17,Thursday,17:03,sick
2021-06-17,Thursday,12:03,bad
2021-06-16,Wednesday,08:25,fine I’m fine 
2021-06-15,Tuesday,11:38,fine I’m fine 
2021-06-14,Monday,20:20,fine I’m fine 
2021-06-14,Monday,09:00,meh
2021-06-13,Sunday,13:56,fine I’m fine 
2021-06-12,Saturday,21:20,fine I’m fine 
2021-06-12,Saturday,15:59,fine I’m fine 
2021-06-11,Friday,22:59,meh
2021-06-11,Friday,15:46,fine I’m fine 
2021-06-10,Thursday,15:44,irritated
2021-06-09,Wednesday,23:28,fine I’m fine 
2021-06-09,Wednesday,15:02,fine I’m fine 
2021-06-08,Tuesday,23:28,meh
2021-06-07,Monday,13:32,fine I’m fine 
2021-06-06,Sunday,14:48,fine I’m fine 
2021-06-05,Saturday,21:05,fine I’m fine 
2021-06-05,Saturday,16:05,meh
2021-06-04,Friday,14:19,fine I’m fine 
2021-06-03,Thursday,23:25,in love
2021-06-03,Thursday,12:37,fine I’m fine 
2021-06-02,Wednesday,15:46,fine I’m fine 
2021-06-01,Tuesday,15:46,fine I’m fine 
2021-06-01,Tuesday,15:45,meh
2021-05-31,Monday,21:04,meh
2021-05-30,Sunday,16:33,sick
2021-05-30,Sunday,11:58,anxious
2021-05-29,Saturday,23:47,wannadie
2021-05-29,Saturday,17:33,meh
2021-05-29,Saturday,17:33,fine I’m fine 
2021-05-28,Friday,23:39,fine I’m fine 
2021-05-28,Friday,19:58,fine I’m fine 
2021-05-27,Thursday,15:51,meh
2021-05-27,Thursday,15:51,fine I’m fine 
2021-05-26,Wednesday,15:21,meh
2021-05-25,Tuesday,11:53,meh
2021-05-24,Monday,15:49,meh
2021-05-23,Sunday,21:00,fine I’m fine 
2021-05-22,Saturday,21:44,fine I’m fine 
2021-05-22,Saturday,16:36,fine I’m fine 
2021-05-21,Friday,23:07,in love
2021-05-21,Friday,15:10,agitated
2021-05-20,Thursday,11:17,meh
2021-05-19,Wednesday,23:47,meh
2021-05-19,Wednesday,17:47,fine I’m fine 
2021-05-18,Tuesday,21:37,meh
2021-05-17,Monday,21:53,meh
2021-05-16,Sunday,17:41,in love
2021-05-16,Sunday,12:14,fine I’m fine 
2021-05-15,Saturday,18:34,fine I’m fine 
2021-05-14,Friday,19:33,fine I’m fine 
2021-05-13,Thursday,16:47,meh
2021-05-12,Wednesday,22:53,meh
2021-05-11,Tuesday,22:20,fine I’m fine 
2021-05-11,Tuesday,18:49,fine I’m fine 
2021-05-10,Monday,12:53,fine I’m fine 
2021-05-09,Sunday,14:20,calm happy
2021-05-08,Saturday,12:56,fine I’m fine 
2021-05-07,Friday,21:34,fine I’m fine 
2021-05-06,Thursday,16:00,fine I’m fine 
2021-05-05,Wednesday,14:57,fine I’m fine 
2021-05-04,Tuesday,23:04,fine I’m fine 
2021-05-03,Monday,13:54,fine I’m fine 
2021-05-02,Sunday,13:07,meh
2021-05-02,Sunday,00:04,in love
2021-05-01,Saturday,13:41,fine I’m fine 
2021-04-30,Friday,22:51,in love
2021-04-30,Friday,14:11,fine I’m fine 
2021-04-29,Thursday,18:23,fine I’m fine 
2021-04-29,Thursday,12:53,fine I’m fine 
2021-04-28,Wednesday,13:32,fine I’m fine 
2021-04-27,Tuesday,22:06,bad
2021-04-26,Monday,18:01,fine I’m fine 
2021-04-25,Sunday,14:01,fine I’m fine 
2021-04-24,Saturday,20:37,fine I’m fine 
2021-04-24,Saturday,13:05,fine I’m fine 
2021-04-23,Friday,13:05,irritated
2021-04-22,Thursday,21:25,fine I’m fine 
2021-04-22,Thursday,15:51,meh
2021-04-21,Wednesday,21:00,fine I’m fine 
2021-04-20,Tuesday,12:52,meh
2021-04-19,Monday,12:45,fine I’m fine 
2021-04-18,Sunday,18:15,fine I’m fine 
2021-04-18,Sunday,12:28,meh
2021-04-18,Sunday,12:28,fine I’m fine 
2021-04-17,Saturday,22:42,fine I’m fine 
2021-04-17,Saturday,13:16,fine I’m fine 
2021-04-16,Friday,16:01,fine I’m fine 
2021-04-16,Friday,16:00,meh
2021-04-15,Thursday,15:51,irritated
2021-04-14,Wednesday,13:21,fine I’m fine 
2021-04-13,Tuesday,15:32,meh
2021-04-12,Monday,14:24,sick
2021-04-11,Sunday,22:28,excited
2021-04-11,Sunday,12:16,in love
2021-04-10,Saturday,15:51,fine I’m fine 
2021-04-09,Friday,13:54,fine I’m fine 
2021-04-08,Thursday,22:23,fine I’m fine 
2021-04-07,Wednesday,21:00,anxious
2021-04-07,Wednesday,16:11,meh
2021-04-07,Wednesday,16:11,fine I’m fine 
2021-04-06,Tuesday,14:07,fine I’m fine 
2021-04-05,Monday,13:37,fine I’m fine 
2021-04-04,Sunday,12:05,sick
2021-04-03,Saturday,23:52,in love
2021-04-03,Saturday,17:06,excited
2021-04-03,Saturday,16:19,fine I’m fine 
2021-04-02,Friday,16:58,fine I’m fine 
2021-04-01,Thursday,17:55,fine I’m fine 
2021-04-01,Thursday,00:03,little tears
2021-03-31,Wednesday,17:57,calm happy
2021-03-31,Wednesday,10:04,fine I’m fine 
2021-03-30,Tuesday,10:04,fine I’m fine 
2021-03-30,Tuesday,10:04,meh
2021-03-29,Monday,22:37,irritated
2021-03-29,Monday,20:06,calm happy
2021-03-28,Sunday,16:42,fine I’m fine 
2021-03-27,Saturday,13:15,fine I’m fine 
2021-03-26,Friday,22:34,fine I’m fine 
2021-03-26,Friday,13:42,fine I’m fine 
2021-03-25,Thursday,22:42,fine I’m fine 
2021-03-25,Thursday,22:42,irritated
2021-03-24,Wednesday,16:22,fine I’m fine 
2021-03-23,Tuesday,10:51,fine I’m fine 
2021-03-22,Monday,22:24,meh
2021-03-22,Monday,19:46,bad
2021-03-21,Sunday,18:08,fine I’m fine 
2021-03-21,Sunday,11:22,meh
2021-03-20,Saturday,13:07,fine I’m fine 
2021-03-19,Friday,20:47,in love
2021-03-19,Friday,14:50,calm happy
2021-03-18,Thursday,11:59,fine I’m fine 
2021-03-17,Wednesday,20:46,fine I’m fine 
2021-03-17,Wednesday,13:57,sick
2021-03-16,Tuesday,16:38,sick
2021-03-15,Monday,19:54,meh
2021-03-14,Sunday,21:00,bad
2021-03-14,Sunday,15:17,fine I’m fine 
2021-03-13,Saturday,15:43,fine I’m fine 
2021-03-12,Friday,19:56,meh
2021-03-12,Friday,19:56,fine I’m fine 
2021-03-11,Thursday,16:58,irritated
2021-03-11,Thursday,10:51,in love
2021-03-10,Wednesday,11:27,fine I’m fine 
2021-03-09,Tuesday,23:40,awful
2021-03-09,Tuesday,15:21,meh
2021-03-08,Monday,12:32,sick
2021-03-07,Sunday,17:41,fine I’m fine 
2021-03-07,Sunday,02:41,fine I’m fine 
2021-03-06,Saturday,12:26,fine I’m fine 
2021-03-05,Friday,18:12,fine I’m fine 
2021-03-04,Thursday,13:38,meh
2021-03-03,Wednesday,13:28,fine I’m fine 
2021-03-02,Tuesday,19:32,irritated
2021-03-01,Monday,15:51,fine I’m fine 
2021-03-01,Monday,12:13,anxious
2021-02-28,Sunday,11:39,sick
2021-02-27,Saturday,21:03,excited
2021-02-27,Saturday,11:50,meh
2021-02-26,Friday,16:03,fine I’m fine 
2021-02-25,Thursday,23:26,irritated
2021-02-25,Thursday,13:55,fine I’m fine 
2021-02-24,Wednesday,23:40,fine I’m fine 
2021-02-24,Wednesday,17:31,irritated
2021-02-23,Tuesday,18:09,fine I’m fine 
2021-02-22,Monday,19:04,fine I’m fine 
2021-02-22,Monday,10:39,sick
2021-02-21,Sunday,23:14,fine I’m fine 
2021-02-21,Sunday,14:14,fine I’m fine 
2021-02-20,Saturday,11:49,fine I’m fine 
2021-02-19,Friday,18:16,fine I’m fine 
2021-02-18,Thursday,11:35,sick
2021-02-18,Thursday,09:34,wannadie
2021-02-17,Wednesday,11:35,fine I’m fine 
2021-02-16,Tuesday,15:13,sick
2021-02-15,Monday,14:43,fine I’m fine 
2021-02-14,Sunday,16:10,sick
2021-02-13,Saturday,17:16,excited
2021-02-13,Saturday,00:29,fine I’m fine 
2021-02-12,Friday,12:47,fine I’m fine 
2021-02-12,Friday,00:34,little tears
2021-02-11,Thursday,21:37,calm happy
2021-02-10,Wednesday,23:07,fine I’m fine 
2021-02-10,Wednesday,18:07,meh
2021-02-10,Wednesday,15:17,fine I’m fine 
2021-02-09,Tuesday,23:04,meh
2021-02-09,Tuesday,16:04,anxious
2021-02-08,Monday,16:12,irritated
2021-02-08,Monday,12:12,fine I’m fine 
2021-02-07,Sunday,22:41,meh
2021-02-07,Sunday,12:41,fine I’m fine 
2021-02-06,Saturday,22:03,in love
2021-02-05,Friday,10:28,fine I’m fine 
2021-02-04,Thursday,15:18,sick
2021-02-04,Thursday,10:28,fine I’m fine 
2021-02-03,Wednesday,19:25,fine I’m fine 
2021-02-02,Tuesday,21:00,fine I’m fine 
2021-02-01,Monday,14:00,fine I’m fine 
2021-01-31,Sunday,22:47,fine I’m fine 
2021-01-31,Sunday,15:03,meh
2021-01-30,Saturday,10:51,fine I’m fine 
2021-01-29,Friday,19:17,meh
2021-01-29,Friday,19:17,fine I’m fine 
2021-01-28,Thursday,17:09,irritated
2021-01-28,Thursday,17:08,fine I’m fine 
2021-01-27,Wednesday,18:25,fine I’m fine 
2021-01-26,Tuesday,16:04,meh
2021-01-26,Tuesday,08:14,fine I’m fine 
2021-01-25,Monday,14:20,meh
2021-01-24,Sunday,16:28,fine I’m fine 
2021-01-24,Sunday,10:51,sick
2021-01-23,Saturday,18:38,little tears
2021-01-22,Friday,21:49,sick
2021-01-22,Friday,13:06,fine I’m fine 
2021-01-21,Thursday,19:39,fine I’m fine 
2021-01-21,Thursday,19:39,meh
2021-01-20,Wednesday,14:24,meh
2021-01-19,Tuesday,22:16,fine I’m fine 
2021-01-18,Monday,21:01,meh
2021-01-18,Monday,21:01,fine I’m fine 
2021-01-17,Sunday,21:07,in love
2021-01-17,Sunday,15:06,fine I’m fine 
2021-01-16,Saturday,21:55,fine I’m fine 
2021-01-16,Saturday,13:39,fine I’m fine 
2021-01-15,Friday,19:26,meh
2021-01-14,Thursday,16:30,fine I’m fine 
2021-01-13,Wednesday,11:25,irritated
2021-01-12,Tuesday,23:17,fine I’m fine 
2021-01-11,Monday,21:19,fine I’m fine 
2021-01-10,Sunday,16:52,irritated
2021-01-09,Saturday,11:40,fine I’m fine 
2021-01-08,Friday,12:32,sick
2021-01-07,Thursday,19:20,fine I’m fine 
2021-01-06,Wednesday,20:49,meh
2021-01-06,Wednesday,14:37,bad
2021-01-05,Tuesday,23:34,fine I’m fine 
2021-01-05,Tuesday,11:49,fine I’m fine 
2021-01-04,Monday,21:00,sick
2021-01-03,Sunday,20:25,fine I’m fine 
2021-01-03,Sunday,15:09,meh
2021-01-02,Saturday,18:52,meh
2021-01-01,Friday,23:00,little tears
2021-01-01,Friday,21:55,irritated
2020-12-31,Thursday,22:29,fine I’m fine 
2020-12-31,Thursday,17:23,meh
2020-12-30,Wednesday,18:44,meh
2020-12-29,Tuesday,18:58,sick
2020-12-29,Tuesday,17:59,fine I’m fine 
2020-12-28,Monday,18:10,fine I’m fine 
2020-12-28,Monday,18:10,meh
2020-12-27,Sunday,16:41,meh
2020-12-26,Saturday,23:19,fine I’m fine 
2020-12-26,Saturday,19:19,fine I’m fine 
2020-12-26,Saturday,19:18,meh
2020-12-25,Friday,21:00,sick
2020-12-24,Thursday,23:06,fine I’m fine 
2020-12-24,Thursday,19:39,sick
2020-12-23,Wednesday,16:41,fine I’m fine 
2020-12-22,Tuesday,18:56,meh
2020-12-21,Monday,21:28,little tears
2020-12-21,Monday,16:13,fine I’m fine 
2020-12-20,Sunday,12:22,sick
2020-12-19,Saturday,23:16,fine I’m fine 
2020-12-18,Friday,21:00,in love
2020-12-18,Friday,18:01,fine I’m fine 
2020-12-17,Thursday,19:47,fine I’m fine 
2020-12-16,Wednesday,19:06,fine I’m fine 
2020-12-15,Tuesday,21:00,fine I’m fine 
2020-12-14,Monday,23:15,fine I’m fine 
2020-12-13,Sunday,18:31,fine I’m fine 
2020-12-12,Saturday,18:13,meh
2020-12-11,Friday,19:53,sick
2020-12-10,Thursday,21:45,fine I’m fine 
2020-12-09,Wednesday,21:45,sick
2020-12-08,Tuesday,15:35,sick
2020-12-07,Monday,21:00,sick
2020-12-06,Sunday,15:21,fine I’m fine 
2020-12-05,Saturday,21:03,fine I’m fine 
2020-12-04,Friday,22:05,fine I’m fine 
2020-12-03,Thursday,21:00,sick
2020-12-02,Wednesday,10:20,sick
2020-12-01,Tuesday,16:43,fine I’m fine 
2020-11-30,Monday,21:01,meh
2020-11-29,Sunday,12:22,agitated
2020-11-28,Saturday,21:53,fine I’m fine 
2020-11-28,Saturday,13:59,fine I’m fine 
2020-11-27,Friday,15:51,meh
2020-11-27,Friday,12:41,fine I’m fine 
2020-11-26,Thursday,16:02,fine I’m fine 
2020-11-25,Wednesday,21:00,meh
2020-11-25,Wednesday,14:21,fine I’m fine 
2020-11-24,Tuesday,11:43,fine I’m fine 
2020-11-23,Monday,22:28,meh
2020-11-22,Sunday,16:51,wannadie
2020-11-22,Sunday,15:51,fine I’m fine 
2020-11-21,Saturday,21:11,fine I’m fine 
2020-11-20,Friday,21:00,fine I’m fine 
2020-11-19,Thursday,10:52,meh
2020-11-18,Wednesday,20:43,meh
2020-11-18,Wednesday,10:51,bad
2020-11-17,Tuesday,22:48,meh
2020-11-16,Monday,21:02,meh
2020-11-15,Sunday,17:38,fine I’m fine 
2020-11-14,Saturday,14:54,fine I’m fine 
2020-11-13,Friday,09:15,fine I’m fine 
2020-11-12,Thursday,17:47,fine I’m fine 
2020-11-12,Thursday,12:46,meh
2020-11-11,Wednesday,19:52,meh
2020-11-10,Tuesday,17:11,meh
2020-11-09,Monday,22:33,fine I’m fine 
2020-11-09,Monday,18:45,meh
2020-11-08,Sunday,17:46,meh
2020-11-07,Saturday,21:30,fine I’m fine 
2020-11-07,Saturday,18:14,meh
2020-11-06,Friday,15:56,fine I’m fine 
2020-11-05,Thursday,16:17,meh
2020-11-04,Wednesday,20:17,fine I’m fine 
2020-11-03,Tuesday,18:08,meh
2020-11-02,Monday,14:41,irritated
2020-11-01,Sunday,15:51,fine I’m fine 
2020-10-31,Saturday,19:35,fine I’m fine 
2020-10-31,Saturday,11:04,calm happy
2020-10-30,Friday,12:36,fine I’m fine 
2020-10-29,Thursday,19:38,fine I’m fine 
2020-10-28,Wednesday,18:54,meh
2020-10-27,Tuesday,17:43,fine I’m fine 
2020-10-26,Monday,10:36,fine I’m fine 
2020-10-25,Sunday,21:00,fine I’m fine 
2020-10-24,Saturday,23:45,fine I’m fine 
2020-10-23,Friday,17:24,fine I’m fine 
2020-10-22,Thursday,14:39,sick
2020-10-21,Wednesday,21:11,sick
2020-10-20,Tuesday,17:21,sick
2020-10-20,Tuesday,09:50,bad
2020-10-19,Monday,21:14,fine I’m fine 
2020-10-18,Sunday,19:49,sick
2020-10-17,Saturday,21:30,fine I’m fine 
2020-10-17,Saturday,17:30,sick
2020-10-16,Friday,21:47,fine I’m fine 
2020-10-15,Thursday,15:58,fine I’m fine 
2020-10-14,Wednesday,14:53,fine I’m fine 
2020-10-13,Tuesday,17:56,irritated
2020-10-12,Monday,16:30,irritated
2020-10-12,Monday,15:38,fine I’m fine 
2020-10-11,Sunday,18:24,sick
2020-10-11,Sunday,03:23,excited
2020-10-10,Saturday,15:55,fine I’m fine 
2020-10-09,Friday,12:55,in love
2020-10-08,Thursday,12:07,fine I’m fine 
2020-10-07,Wednesday,15:51,fine I’m fine 
2020-10-06,Tuesday,22:20,fine I’m fine 
2020-10-06,Tuesday,15:51,meh
2020-10-05,Monday,11:48,meh
2020-10-04,Sunday,23:51,meh
2020-10-04,Sunday,13:51,fine I’m fine 
2020-10-03,Saturday,16:56,fine I’m fine 
2020-10-02,Friday,18:40,fine I’m fine 
2020-10-01,Thursday,21:43,meh
2020-10-01,Thursday,14:43,fine I’m fine 
2020-09-30,Wednesday,19:00,fine I’m fine 
2020-09-29,Tuesday,15:28,anxious
2020-09-28,Monday,21:00,meh
2020-09-27,Sunday,18:41,meh
2020-09-26,Saturday,15:12,in love
2020-09-25,Friday,23:04,in love
2020-09-25,Friday,13:29,fine I’m fine 
2020-09-24,Thursday,15:08,irritated
2020-09-23,Wednesday,14:27,meh
2020-09-22,Tuesday,11:54,fine I’m fine 
2020-09-21,Monday,13:42,meh
2020-09-20,Sunday,20:51,calm happy
2020-09-20,Sunday,13:01,fine I’m fine 
2020-09-19,Saturday,15:51,fine I’m fine 
2020-09-19,Saturday,14:12,meh
2020-09-18,Friday,14:48,fine I’m fine 
2020-09-18,Friday,07:45,meh
2020-09-17,Thursday,00:03,irritated
2020-09-16,Wednesday,21:00,fine I’m fine 
2020-09-15,Tuesday,20:26,fine I’m fine 
2020-09-14,Monday,21:10,fine I’m fine 
2020-09-14,Monday,19:14,meh
2020-09-13,Sunday,15:52,fine I’m fine 
2020-09-13,Sunday,11:03,fine I’m fine 
2020-09-12,Saturday,22:54,calm happy
2020-09-12,Saturday,13:48,fine I’m fine 
2020-09-11,Friday,21:00,irritated
2020-09-11,Friday,18:35,fine I’m fine 
2020-09-10,Thursday,21:40,fine I’m fine 
2020-09-09,Wednesday,16:29,fine I’m fine 
2020-09-08,Tuesday,23:05,sick
2020-09-07,Monday,19:26,fine I’m fine 
2020-09-06,Sunday,20:48,fine I’m fine 
2020-09-05,Saturday,21:00,fine I’m fine 
2020-09-05,Saturday,10:20,in love
2020-09-04,Friday,22:07,in love
2020-09-04,Friday,14:17,meh
2020-09-03,Thursday,13:22,fine I’m fine 
2020-09-02,Wednesday,14:57,meh
2020-09-01,Tuesday,13:05,meh
2020-08-31,Monday,13:36,bad
2020-08-31,Monday,12:15,fine I’m fine 
2020-08-30,Sunday,18:41,calm happy
2020-08-29,Saturday,14:03,fine I’m fine 
2020-08-28,Friday,20:04,fine I’m fine 
2020-08-27,Thursday,22:06,fine I’m fine 
2020-08-26,Wednesday,21:00,meh
2020-08-25,Tuesday,17:20,meh
2020-08-24,Monday,15:27,wannadie
2020-08-23,Sunday,12:39,sick
2020-08-22,Saturday,16:23,fine I’m fine 
2020-08-21,Friday,15:40,sick
2020-08-20,Thursday,18:36,fine I’m fine 
2020-08-19,Wednesday,10:55,fine I’m fine 
2020-08-18,Tuesday,22:28,fine I’m fine 
2020-08-18,Tuesday,18:55,fine I’m fine 
2020-08-17,Monday,17:43,fine I’m fine 
2020-08-16,Sunday,16:01,sick
2020-08-16,Sunday,09:22,sick
2020-08-15,Saturday,15:51,fine I’m fine 
2020-08-14,Friday,21:00,fine I’m fine 
2020-08-14,Friday,16:39,fine I’m fine 
2020-08-13,Thursday,15:54,fine I’m fine 
2020-08-13,Thursday,10:53,sick
2020-08-12,Wednesday,19:09,fine I’m fine 
2020-08-11,Tuesday,12:39,fine I’m fine 
2020-08-10,Monday,14:23,fine I’m fine 
2020-08-09,Sunday,14:45,fine I’m fine 
2020-08-08,Saturday,20:10,fine I’m fine 
2020-08-07,Friday,21:51,fine I’m fine 
2020-08-06,Thursday,20:06,meh
2020-08-06,Thursday,13:50,bad
2020-08-05,Wednesday,20:10,meh
2020-08-05,Wednesday,17:10,fine I’m fine 
2020-08-04,Tuesday,17:27,meh
2020-08-03,Monday,12:38,fine I’m fine 
2020-08-02,Sunday,17:10,sick
2020-08-02,Sunday,12:28,fine I’m fine 
2020-08-01,Saturday,20:25,meh
2020-08-01,Saturday,16:33,anxious
2020-07-31,Friday,15:51,meh
2020-07-31,Friday,14:13,bad
2020-07-30,Thursday,10:33,irritated
2020-07-29,Wednesday,16:20,meh
2020-07-28,Tuesday,16:24,sick
2020-07-28,Tuesday,12:29,fine I’m fine 
2020-07-27,Monday,10:51,fine I’m fine 
2020-07-27,Monday,09:21,sick
2020-07-26,Sunday,23:15,sick
2020-07-26,Sunday,15:07,fine I’m fine 
2020-07-25,Saturday,21:00,meh
2020-07-25,Saturday,11:34,fine I’m fine 
2020-07-24,Friday,21:01,calm happy
2020-07-24,Friday,11:20,fine I’m fine 
2020-07-23,Thursday,22:33,fine I’m fine 
2020-07-23,Thursday,16:10,sick
2020-07-22,Wednesday,13:23,fine I’m fine 
2020-07-22,Wednesday,09:18,sick
2020-07-21,Tuesday,18:03,fine I’m fine 
2020-07-21,Tuesday,10:51,meh
2020-07-20,Monday,15:51,fine I’m fine 
2020-07-20,Monday,10:51,meh
2020-07-19,Sunday,23:01,in love
2020-07-19,Sunday,13:55,fine I’m fine 
2020-07-18,Saturday,13:05,fine I’m fine 
2020-07-17,Friday,13:17,fine I’m fine 
2020-07-16,Thursday,21:18,fine I’m fine 
2020-07-16,Thursday,19:13,meh
2020-07-15,Wednesday,22:49,meh
2020-07-15,Wednesday,13:40,sick
2020-07-14,Tuesday,18:31,meh
2020-07-14,Tuesday,18:29,fine I’m fine 
2020-07-13,Monday,13:37,fine I’m fine 
2020-07-12,Sunday,20:34,fine I’m fine 
2020-07-12,Sunday,16:13,meh
2020-07-12,Sunday,13:30,fine I’m fine 
2020-07-11,Saturday,20:05,fine I’m fine 
2020-07-11,Saturday,13:32,fine I’m fine 
2020-07-10,Friday,14:20,meh
2020-07-10,Friday,10:51,awful
2020-07-09,Thursday,22:12,fine I’m fine 
2020-07-09,Thursday,19:21,bad
2020-07-09,Thursday,11:58,meh
2020-07-08,Wednesday,09:34,sick
2020-07-07,Tuesday,12:19,meh
2020-07-06,Monday,21:00,sick
2020-07-06,Monday,16:36,fine I’m fine 
2020-07-05,Sunday,23:15,fine I’m fine 
2020-07-05,Sunday,15:06,fine I’m fine 
2020-07-05,Sunday,11:04,irritated
2020-07-04,Saturday,21:59,fine I’m fine 
2020-07-04,Saturday,18:37,meh
2020-07-03,Friday,13:14,irritated
2020-07-02,Thursday,12:16,fine I’m fine 
2020-07-01,Wednesday,19:41,fine I’m fine 
2020-07-01,Wednesday,18:58,irritated
2020-06-30,Tuesday,21:40,irritated
2020-06-30,Tuesday,11:23,fine I’m fine 
2020-06-29,Monday,18:05,meh
2020-06-29,Monday,13:02,sick
2020-06-28,Sunday,20:14,sick
2020-06-28,Sunday,16:10,fine I’m fine 
2020-06-27,Saturday,20:56,in love
2020-06-27,Saturday,16:18,meh
2020-06-27,Saturday,12:38,fine I’m fine 
2020-06-26,Friday,09:53,fine I’m fine 
2020-06-25,Thursday,16:26,meh
2020-06-25,Thursday,14:20,meh
2020-06-24,Wednesday,22:34,fine I’m fine 
2020-06-24,Wednesday,09:37,meh
2020-06-23,Tuesday,21:04,meh
2020-06-23,Tuesday,18:08,anxious
2020-06-23,Tuesday,12:17,meh
2020-06-22,Monday,16:02,meh
2020-06-22,Monday,10:19,bad
2020-06-21,Sunday,23:51,wannadie
2020-06-21,Sunday,17:10,in love
2020-06-21,Sunday,12:32,fine I’m fine 
2020-06-20,Saturday,11:00,fine I’m fine 
2020-06-19,Friday,22:11,little tears
2020-06-19,Friday,19:12,fine I’m fine 
2020-06-19,Friday,10:55,irritated
2020-06-18,Thursday,21:58,fine I’m fine 
2020-06-18,Thursday,19:12,meh
2020-06-18,Thursday,10:51,fine I’m fine 
2020-06-17,Wednesday,19:43,calm happy
2020-06-17,Wednesday,19:09,fine I’m fine 
2020-06-17,Wednesday,10:51,irritated
2020-06-16,Tuesday,21:00,fine I’m fine 
2020-06-16,Tuesday,14:59,meh
2020-06-15,Monday,10:54,fine I’m fine 
2020-06-14,Sunday,14:01,fine I’m fine 
2020-06-13,Saturday,21:00,fine I’m fine 
2020-06-13,Saturday,16:03,fine I’m fine 
2020-06-13,Saturday,11:22,meh
2020-06-12,Friday,21:38,fine I’m fine 
2020-06-12,Friday,14:01,fine I’m fine 
2020-06-11,Thursday,09:53,fine I’m fine 
2020-06-10,Wednesday,21:00,fine I’m fine 
2020-06-10,Wednesday,11:43,fine I’m fine 
2020-06-09,Tuesday,11:58,fine I’m fine 
2020-06-08,Monday,22:33,sick
2020-06-08,Monday,11:18,meh
2020-06-08,Monday,09:02,anxious
2020-06-08,Monday,00:45,anxious
2020-06-07,Sunday,11:39,fine I’m fine 
2020-06-06,Saturday,21:41,fine I’m fine 
2020-06-06,Saturday,17:06,fine I’m fine 
2020-06-05,Friday,21:01,in love
2020-06-05,Friday,17:41,fine I’m fine 
2020-06-04,Thursday,21:14,fine I’m fine 
2020-06-04,Thursday,10:58,fine I’m fine 
2020-06-03,Wednesday,18:56,fine I’m fine 
2020-06-03,Wednesday,08:51,sick
2020-06-02,Tuesday,22:15,in love
2020-06-02,Tuesday,19:23,fine I’m fine 
2020-06-02,Tuesday,10:54,fine I’m fine 
2020-06-01,Monday,22:47,little tears
2020-06-01,Monday,14:15,meh
2020-05-31,Sunday,19:58,meh
2020-05-31,Sunday,10:52,meh
2020-05-30,Saturday,13:05,fine I’m fine 
2020-05-29,Friday,22:30,fine I’m fine 
2020-05-29,Friday,11:07,meh
2020-05-28,Thursday,21:53,meh
2020-05-28,Thursday,16:56,fine I’m fine 
2020-05-28,Thursday,10:59,fine I’m fine 
2020-05-27,Wednesday,22:27,fine I’m fine 
2020-05-27,Wednesday,14:53,fine I’m fine 
2020-05-27,Wednesday,12:25,anxious
2020-05-27,Wednesday,11:37,irritated
2020-05-26,Tuesday,20:41,fine I’m fine 
2020-05-26,Tuesday,14:59,fine I’m fine 
2020-05-26,Tuesday,11:56,irritated
2020-05-25,Monday,21:00,meh
2020-05-25,Monday,15:51,irritated
2020-05-25,Monday,10:51,meh
2020-05-24,Sunday,18:31,fine I’m fine 
2020-05-24,Sunday,13:31,meh
2020-05-23,Saturday,21:24,irritated
2020-05-22,Friday,18:15,fine I’m fine 
2020-05-21,Thursday,20:26,fine I’m fine 
2020-05-20,Wednesday,20:00,fine I’m fine 
2020-05-19,Tuesday,20:00,fine I’m fine 
2020-05-19,Tuesday,11:51,meh
2020-05-19,Tuesday,08:51,little tears
2020-05-18,Monday,14:11,meh
2020-05-17,Sunday,20:43,meh
2020-05-17,Sunday,08:43,anxious
2020-05-16,Saturday,21:09,meh
2020-05-16,Saturday,12:08,fine I’m fine 
2020-05-15,Friday,20:07,meh
2020-05-15,Friday,15:22,little tears
2020-05-14,Thursday,20:00,meh
2020-05-13,Wednesday,20:33,fine I’m fine 
2020-05-12,Tuesday,14:30,fine I’m fine 
2020-05-11,Monday,22:08,meh
2020-05-11,Monday,13:24,little tears
2020-05-10,Sunday,20:01,fine I’m fine 
2020-05-09,Saturday,21:59,excited
2020-05-09,Saturday,11:35,fine I’m fine 
2020-05-08,Friday,20:00,fine I’m fine 
2020-05-08,Friday,13:08,meh
2020-05-07,Thursday,20:59,fine I’m fine 
2020-05-07,Thursday,10:59,meh
2020-05-06,Wednesday,13:55,meh
2020-05-05,Tuesday,20:04,fine I’m fine 
2020-05-04,Monday,23:39,sick
2020-05-04,Monday,17:50,fine I’m fine 
2020-05-03,Sunday,21:12,fine I’m fine 
2020-05-02,Saturday,16:11,meh
2020-05-01,Friday,15:58,fine I’m fine 
2020-04-30,Thursday,11:44,irritated
2020-04-29,Wednesday,16:46,fine I’m fine 
2020-04-28,Tuesday,21:17,irritated
2020-04-28,Tuesday,11:16,fine I’m fine 
2020-04-27,Monday,17:09,fine I’m fine 
2020-04-26,Sunday,20:13,in love
2020-04-26,Sunday,16:13,fine I’m fine 
2020-04-25,Saturday,13:12,fine I’m fine 
2020-04-25,Saturday,09:46,irritated
2020-04-24,Friday,18:54,fine I’m fine 
2020-04-24,Friday,12:39,in love
2020-04-23,Thursday,18:47,fine I’m fine 
2020-04-23,Thursday,10:50,fine I’m fine 
2020-04-22,Wednesday,16:37,meh
2020-04-22,Wednesday,13:28,little tears
2020-04-22,Wednesday,11:46,fine I’m fine 
2020-04-21,Tuesday,20:00,fine I’m fine 
2020-04-20,Monday,18:14,irritated
2020-04-20,Monday,12:13,fine I’m fine 
2020-04-19,Sunday,20:08,sick
2020-04-19,Sunday,12:51,fine I’m fine 
2020-04-18,Saturday,19:43,meh
2020-04-18,Saturday,14:42,anxious
2020-04-18,Saturday,12:16,irritated
2020-04-17,Friday,20:07,fine I’m fine 
2020-04-16,Thursday,17:09,meh
2020-04-16,Thursday,17:08,bad
2020-04-16,Thursday,11:08,fine I’m fine 
2020-04-15,Wednesday,20:58,meh
2020-04-14,Tuesday,20:00,meh
2020-04-13,Monday,20:13,fine I’m fine 
2020-04-12,Sunday,20:04,meh
2020-04-12,Sunday,11:33,bad
2020-04-12,Sunday,00:33,wannadie
2020-04-11,Saturday,21:42,meh
2020-04-11,Saturday,20:04,little tears
2020-04-11,Saturday,15:04,fine I’m fine 
2020-04-10,Friday,20:42,fine I’m fine 
2020-04-09,Thursday,19:21,meh
2020-04-09,Thursday,19:20,anxious
2020-04-08,Wednesday,20:17,meh
2020-04-07,Tuesday,20:43,meh
2020-04-07,Tuesday,16:42,fine I’m fine 
2020-04-06,Monday,20:00,meh
2020-04-05,Sunday,13:46,fine I’m fine 
2020-04-04,Saturday,22:00,meh
2020-04-04,Saturday,15:00,fine I’m fine 
2020-04-03,Friday,20:00,fine I’m fine 
2020-04-03,Friday,15:00,meh
2020-04-03,Friday,11:00,fine I’m fine 
2020-04-02,Thursday,22:31,meh
2020-04-02,Thursday,13:30,little tears
2020-04-01,Wednesday,20:09,meh
2020-03-31,Tuesday,23:34,meh
2020-03-31,Tuesday,21:36,little tears
2020-03-31,Tuesday,09:55,fine I’m fine 
2020-03-30,Monday,20:00,fine I’m fine 
2020-03-30,Monday,12:00,irritated
2020-03-29,Sunday,20:11,sick
2020-03-29,Sunday,15:11,fine I’m fine 
2020-03-28,Saturday,15:34,fine I’m fine 
2020-03-27,Friday,20:45,fine I’m fine 
2020-03-26,Thursday,20:00,fine I’m fine 
2020-03-26,Thursday,17:00,irritated
2020-03-25,Wednesday,23:00,awful
2020-03-25,Wednesday,20:44,meh
2020-03-24,Tuesday,20:38,meh
2020-03-23,Monday,20:00,meh
2020-03-22,Sunday,20:20,fine I’m fine 
2020-03-21,Saturday,20:07,fine I’m fine 
2020-03-20,Friday,20:48,fine I’m fine 
2020-03-19,Thursday,22:10,fine I’m fine 
2020-03-19,Thursday,16:09,fine I’m fine 
2020-03-18,Wednesday,19:16,meh
2020-03-18,Wednesday,12:49,anxious
2020-03-17,Tuesday,18:38,meh
2020-03-16,Monday,21:12,meh
2020-03-15,Sunday,23:42,meh
2020-03-14,Saturday,19:20,fine I’m fine 
2020-03-13,Friday,21:26,meh
2020-03-12,Thursday,21:31,meh
2020-03-12,Thursday,13:32,fine I’m fine 
2020-03-11,Wednesday,20:26,meh
2020-03-10,Tuesday,20:06,meh
2020-03-09,Monday,20:00,meh
2020-03-08,Sunday,20:43,bad
2020-03-07,Saturday,15:56,in love
2020-03-06,Friday,17:03,fine I’m fine 
2020-03-06,Friday,01:03,meh
2020-03-05,Thursday,22:08,fine I’m fine 
2020-03-04,Wednesday,21:25,fine I’m fine 
2020-03-03,Tuesday,23:16,in love
2020-03-03,Tuesday,16:40,fine I’m fine 
2020-03-02,Monday,20:49,fine I’m fine 
2020-03-01,Sunday,21:42,in love
2020-03-01,Sunday,13:30,meh
2020-02-29,Saturday,22:38,meh
2020-02-29,Saturday,13:39,fine I’m fine 
2020-02-28,Friday,20:51,sick
2020-02-27,Thursday,21:40,fine I’m fine 
2020-02-27,Thursday,16:40,meh
2020-02-26,Wednesday,20:10,sick
2020-02-26,Wednesday,20:09,anxious
2020-02-25,Tuesday,20:00,meh
2020-02-24,Monday,20:28,fine I’m fine 
2020-02-23,Sunday,20:35,meh
2020-02-23,Sunday,16:35,fine I’m fine 
2020-02-22,Saturday,20:59,meh
2020-02-21,Friday,17:39,fine I’m fine 
2020-02-20,Thursday,20:42,irritated
2020-02-20,Thursday,12:42,fine I’m fine 
2020-02-19,Wednesday,20:32,fine I’m fine 
2020-02-18,Tuesday,20:22,fine I’m fine 
2020-02-17,Monday,21:13,fine I’m fine 
2020-02-17,Monday,13:14,irritated
2020-02-16,Sunday,20:00,fine I’m fine 
2020-02-16,Sunday,15:16,meh
2020-02-15,Saturday,16:10,sick
2020-02-14,Friday,20:35,meh
2020-02-14,Friday,11:57,anxious
2020-02-13,Thursday,20:01,meh
2020-02-12,Wednesday,21:32,meh
2020-02-12,Wednesday,20:23,fine I’m fine 
2020-02-11,Tuesday,20:00,sick
2020-02-10,Monday,14:11,sick
2020-02-09,Sunday,19:20,meh
2020-02-09,Sunday,15:20,fine I’m fine 
2020-02-08,Saturday,16:08,fine I’m fine 
2020-02-07,Friday,15:44,meh
2020-02-06,Thursday,18:02,fine I’m fine 
2020-02-06,Thursday,10:21,meh
2020-02-05,Wednesday,20:00,fine I’m fine 
2020-02-04,Tuesday,20:01,fine I’m fine 
2020-02-03,Monday,15:05,fine I’m fine 
2020-02-02,Sunday,20:00,fine I’m fine 
2020-02-01,Saturday,14:52,fine I’m fine 
2020-01-31,Friday,17:52,anxious
2020-01-30,Thursday,23:04,fine I’m fine 
2020-01-30,Thursday,18:43,meh
2020-01-29,Wednesday,20:01,sick
2020-01-28,Tuesday,22:47,meh
2020-01-28,Tuesday,18:30,fine I’m fine 
2020-01-27,Monday,14:00,meh
2020-01-26,Sunday,16:33,fine I’m fine 
2020-01-25,Saturday,19:20,fine I’m fine 
2020-01-24,Friday,20:18,fine I’m fine 
2020-01-23,Thursday,20:05,fine I’m fine 
2020-01-22,Wednesday,20:11,meh
2020-01-21,Tuesday,22:22,fine I’m fine 
2020-01-20,Monday,20:02,meh
2020-01-19,Sunday,20:50,fine I’m fine 
2020-01-19,Sunday,15:40,fine I’m fine 
2020-01-18,Saturday,19:08,meh
2020-01-18,Saturday,14:32,anxious
2020-01-18,Saturday,12:57,wannadie
2020-01-18,Saturday,01:16,bad
2020-01-17,Friday,20:03,fine I’m fine 
2020-01-16,Thursday,22:02,fine I’m fine 
2020-01-16,Thursday,16:08,meh
2020-01-15,Wednesday,21:09,calm happy
2020-01-15,Wednesday,18:39,fine I’m fine 
2020-01-14,Tuesday,20:00,fine I’m fine 
2020-01-13,Monday,16:34,fine I’m fine 
2020-01-12,Sunday,18:40,meh
2020-01-11,Saturday,20:58,fine I’m fine 
2020-01-10,Friday,19:08,meh
2020-01-10,Friday,09:11,little tears
2020-01-09,Thursday,14:33,meh
2020-01-08,Wednesday,20:43,fine I’m fine 
2020-01-08,Wednesday,20:35,meh
2020-01-07,Tuesday,20:13,fine I’m fine 
2020-01-07,Tuesday,15:31,in love
2020-01-06,Monday,20:21,fine I’m fine 
2020-01-05,Sunday,21:32,excited
2020-01-04,Saturday,20:09,fine I’m fine 
2020-01-03,Friday,15:06,fine I’m fine 
2020-01-02,Thursday,10:47,sick
2020-01-01,Wednesday,17:40,meh
2019-12-31,Tuesday,17:36,meh
2019-12-30,Monday,17:36,fine I’m fine 
2019-12-29,Sunday,17:49,meh
2019-12-28,Saturday,19:11,fine I’m fine 
2019-12-27,Friday,13:41,meh
2019-12-26,Thursday,23:27,in love
2019-12-26,Thursday,13:30,meh
2019-12-25,Wednesday,22:28,fine I’m fine 
2019-12-24,Tuesday,17:09,fine I’m fine 
2019-12-23,Monday,17:26,fine I’m fine 
2019-12-22,Sunday,22:58,fine I’m fine 
2019-12-21,Saturday,09:49,meh
2019-12-20,Friday,19:07,little tears
2019-12-20,Friday,16:53,meh
2019-12-19,Thursday,20:12,meh
2019-12-18,Wednesday,10:46,fine I’m fine 
2019-12-17,Tuesday,14:36,meh
2019-12-16,Monday,15:04,fine I’m fine 
2019-12-15,Sunday,22:13,meh
2019-12-15,Sunday,12:11,fine I’m fine 
2019-12-15,Sunday,03:54,in love
2019-12-14,Saturday,19:55,fine I’m fine 
2019-12-13,Friday,16:10,fine I’m fine 
2019-12-12,Thursday,22:08,meh
2019-12-11,Wednesday,23:21,fine I’m fine 
2019-12-11,Wednesday,16:28,meh
2019-12-11,Wednesday,13:28,fine I’m fine 
2019-12-10,Tuesday,17:22,meh
2019-12-10,Tuesday,10:22,fine I’m fine 
2019-12-09,Monday,20:42,fine I’m fine 
2019-12-08,Sunday,20:00,meh
2019-12-08,Sunday,15:00,fine I’m fine 
2019-12-07,Saturday,20:47,in love
2019-12-06,Friday,19:16,fine I’m fine 
2019-12-05,Thursday,21:25,fine I’m fine 
2019-12-05,Thursday,15:25,meh
2019-12-04,Wednesday,22:17,fine I’m fine 
2019-12-03,Tuesday,22:47,fine I’m fine 
2019-12-02,Monday,21:41,fine I’m fine 
2019-12-02,Monday,18:34,meh
2019-12-02,Monday,12:33,fine I’m fine 
2019-12-01,Sunday,15:17,meh
2019-12-01,Sunday,12:10,wannadie
2019-12-01,Sunday,02:02,fine I’m fine 
2019-11-30,Saturday,13:00,fine I’m fine 
2019-11-29,Friday,19:22,meh
2019-11-28,Thursday,09:09,fine I’m fine 
2019-11-27,Wednesday,09:09,meh
2019-11-26,Tuesday,23:13,meh
2019-11-25,Monday,00:37,meh
2019-11-24,Sunday,20:19,wannadie
2019-11-24,Sunday,15:18,fine I’m fine 
2019-11-24,Sunday,04:03,angry
2019-11-23,Saturday,23:55,excited
2019-11-23,Saturday,15:14,meh
2019-11-22,Friday,22:14,excited
2019-11-21,Thursday,22:36,in love
2019-11-21,Thursday,20:00,sick
2019-11-20,Wednesday,20:00,fine I’m fine 
2019-11-19,Tuesday,14:29,sick
2019-11-18,Monday,11:53,meh
2019-11-17,Sunday,16:45,meh
2019-11-16,Saturday,20:31,meh
2019-11-16,Saturday,17:30,bad
2019-11-15,Friday,15:29,fine I’m fine 
2019-11-15,Friday,10:29,meh
2019-11-14,Thursday,23:03,meh
2019-11-13,Wednesday,20:31,anxious
2019-11-12,Tuesday,21:12,fine I’m fine 
2019-11-11,Monday,21:29,little tears
2019-11-11,Monday,13:31,meh
2019-11-10,Sunday,16:00,fine I’m fine 
2019-11-09,Saturday,23:47,meh
2019-11-08,Friday,20:00,fine I’m fine 
2019-11-08,Friday,20:00,meh
2019-11-07,Thursday,18:58,anxious
2019-11-07,Thursday,18:10,meh
2019-11-06,Wednesday,12:24,meh
2019-11-05,Tuesday,23:06,meh
2019-11-04,Monday,09:55,sick
2019-11-03,Sunday,01:19,fine I’m fine 
2019-11-02,Saturday,17:33,fine I’m fine 
2019-11-01,Friday,04:45,fine I’m fine 
2019-10-31,Thursday,16:24,meh
2019-10-30,Wednesday,20:12,fine I’m fine 
2019-10-30,Wednesday,08:48,meh
2019-10-29,Tuesday,23:35,meh
2019-10-29,Tuesday,20:35,fine I’m fine 
2019-10-28,Monday,20:00,fine I’m fine 
2019-10-27,Sunday,17:17,fine I’m fine 
2019-10-27,Sunday,10:26,meh
2019-10-27,Sunday,03:19,bad
2019-10-27,Sunday,01:28,in love
2019-10-26,Saturday,16:12,meh
2019-10-25,Friday,21:47,fine I’m fine 
2019-10-25,Friday,15:47,meh
2019-10-24,Thursday,20:00,meh
2019-10-23,Wednesday,14:36,sick
2019-10-22,Tuesday,21:12,fine I’m fine 
2019-10-22,Tuesday,19:52,meh
2019-10-21,Monday,12:27,anxious
2019-10-20,Sunday,20:14,fine I’m fine 
2019-10-19,Saturday,22:53,in love
2019-10-19,Saturday,19:14,fine I’m fine 
2019-10-18,Friday,14:41,fine I’m fine 
2019-10-17,Thursday,23:22,fine I’m fine 
2019-10-17,Thursday,14:22,meh
2019-10-16,Wednesday,22:09,fine I’m fine 
2019-10-16,Wednesday,15:52,meh
2019-10-15,Tuesday,17:46,meh
2019-10-14,Monday,20:00,anxious
2019-10-13,Sunday,21:16,meh
2019-10-13,Sunday,13:15,fine I’m fine 
2019-10-13,Sunday,09:51,anxious
2019-10-12,Saturday,23:25,in love
2019-10-12,Saturday,19:20,sick
2019-10-11,Friday,22:33,meh
2019-10-10,Thursday,14:39,sick
2019-10-09,Wednesday,05:21,sick
2019-10-08,Tuesday,21:20,fine I’m fine 
2019-10-08,Tuesday,11:35,sick
2019-10-07,Monday,15:08,wannadie
2019-10-07,Monday,10:39,sick
2019-10-06,Sunday,18:57,fine I’m fine 
2019-10-05,Saturday,19:45,sick
2019-10-04,Friday,13:03,anxious
2019-10-03,Thursday,13:03,fine I’m fine 
2019-10-02,Wednesday,00:18,fine I’m fine 
2019-10-01,Tuesday,13:48,meh
2019-09-30,Monday,14:23,meh
2019-09-29,Sunday,19:43,fine I’m fine 
2019-09-29,Sunday,15:38,fine I’m fine 
2019-09-28,Saturday,22:26,in love
2019-09-28,Saturday,14:27,meh
2019-09-27,Friday,19:59,fine I’m fine 
2019-09-26,Thursday,19:31,fine I’m fine 
2019-09-25,Wednesday,11:41,fine I’m fine 
2019-09-24,Tuesday,23:52,fine I’m fine 
2019-09-24,Tuesday,18:55,fine I’m fine 
2019-09-23,Monday,18:55,fine I’m fine 
2019-09-22,Sunday,19:23,in love
2019-09-22,Sunday,16:00,fine I’m fine 
2019-09-22,Sunday,10:35,fine I’m fine 
2019-09-21,Saturday,18:29,bad
2019-09-21,Saturday,12:05,fine I’m fine 
2019-09-20,Friday,20:00,fine I’m fine 
2019-09-19,Thursday,15:01,meh
2019-09-18,Wednesday,21:03,meh
2019-09-17,Tuesday,13:16,meh
2019-09-16,Monday,11:36,fine I’m fine 
2019-09-15,Sunday,16:02,fine I’m fine 
2019-09-14,Saturday,19:36,fine I’m fine 
2019-09-13,Friday,18:51,meh
2019-09-12,Thursday,22:06,meh
2019-09-12,Thursday,16:30,little tears
2019-09-11,Wednesday,10:07,fine I’m fine 
2019-09-10,Tuesday,23:09,fine I’m fine 
2019-09-09,Monday,20:47,meh
2019-09-08,Sunday,16:51,fine I’m fine 
2019-09-07,Saturday,21:38,fine I’m fine 
2019-09-06,Friday,23:36,in love
2019-09-06,Friday,20:00,fine I’m fine 
2019-09-05,Thursday,21:53,fine I’m fine 
2019-09-05,Thursday,16:12,fine I’m fine 
2019-09-04,Wednesday,19:26,meh
2019-09-03,Tuesday,11:38,sick
2019-09-02,Monday,15:36,fine I’m fine 
2019-09-01,Sunday,16:00,fine I’m fine 
2019-08-31,Saturday,18:45,fine I’m fine 
2019-08-30,Friday,13:42,fine I’m fine 
2019-08-29,Thursday,20:00,in love
2019-08-29,Thursday,17:57,meh
2019-08-28,Wednesday,21:48,meh
2019-08-27,Tuesday,20:00,meh
2019-08-26,Monday,12:56,fine I’m fine 
2019-08-25,Sunday,21:34,fine I’m fine 
2019-08-25,Sunday,21:02,fine I’m fine 
2019-08-25,Sunday,13:56,meh
2019-08-24,Saturday,17:49,meh
2019-08-24,Saturday,17:48,fine I’m fine 
2019-08-23,Friday,19:12,sick
2019-08-22,Thursday,16:10,fine I’m fine 
2019-08-21,Wednesday,20:05,meh
2019-08-20,Tuesday,15:34,fine I’m fine 
2019-08-19,Monday,20:00,meh
2019-08-18,Sunday,19:18,bad
2019-08-18,Sunday,13:59,sick
2019-08-18,Sunday,00:39,fine I’m fine 
2019-08-17,Saturday,12:47,meh
2019-08-16,Friday,13:46,meh
2019-08-15,Thursday,21:21,fine I’m fine 
2019-08-15,Thursday,17:36,meh
2019-08-14,Wednesday,19:47,meh
2019-08-14,Wednesday,10:43,meh
2019-08-13,Tuesday,15:05,meh
2019-08-12,Monday,16:19,meh
2019-08-11,Sunday,14:01,fine I’m fine 
2019-08-10,Saturday,16:17,meh
2019-08-09,Friday,20:07,meh
2019-08-09,Friday,12:05,bad
2019-08-08,Thursday,18:59,fine I’m fine 
2019-08-07,Wednesday,20:24,fine I’m fine 
2019-08-06,Tuesday,17:37,meh
2019-08-05,Monday,20:54,meh
2019-08-05,Monday,17:53,bad
2019-08-05,Monday,12:26,meh
2019-08-04,Sunday,18:56,bad
2019-08-04,Sunday,13:39,meh
2019-08-04,Sunday,11:43,fine I’m fine 
2019-08-03,Saturday,20:10,in love
2019-08-03,Saturday,13:59,fine I’m fine 
2019-08-02,Friday,13:39,meh
2019-08-01,Thursday,15:36,fine I’m fine 
2019-07-31,Wednesday,19:44,fine I’m fine 
2019-07-30,Tuesday,15:34,fine I’m fine 
2019-07-29,Monday,21:14,fine I’m fine 
2019-07-28,Sunday,16:55,meh
2019-07-27,Saturday,19:33,fine I’m fine 
2019-07-26,Friday,15:40,meh
2019-07-25,Thursday,13:18,fine I’m fine 
2019-07-24,Wednesday,20:09,fine I’m fine 
2019-07-24,Wednesday,10:12,fine I’m fine 
2019-07-23,Tuesday,10:14,meh
2019-07-22,Monday,17:17,bad
2019-07-21,Sunday,14:03,meh
2019-07-20,Saturday,20:23,sick
2019-07-20,Saturday,14:33,anxious
2019-07-19,Friday,20:26,sick
2019-07-19,Friday,14:51,fine I’m fine 
2019-07-18,Thursday,23:25,fine I’m fine 
2019-07-18,Thursday,11:59,anxious
2019-07-17,Wednesday,21:12,bad
2019-07-17,Wednesday,19:41,meh
2019-07-17,Wednesday,12:11,fine I’m fine 
2019-07-16,Tuesday,15:03,fine I’m fine 
2019-07-15,Monday,20:00,meh
2019-07-14,Sunday,20:01,meh
2019-07-14,Sunday,13:25,meh
2019-07-13,Saturday,16:01,meh
2019-07-13,Saturday,14:45,wannadie
2019-07-13,Saturday,14:06,meh
2019-07-12,Friday,21:04,wannadie
2019-07-12,Friday,16:15,anxious
2019-07-12,Friday,12:32,meh
2019-07-11,Thursday,14:56,meh
2019-07-10,Wednesday,21:50,fine I’m fine 
2019-07-10,Wednesday,19:32,meh
2019-07-09,Tuesday,16:45,meh
2019-07-09,Tuesday,13:51,little tears
2019-07-09,Tuesday,12:12,fine I’m fine 
2019-07-08,Monday,10:04,meh
2019-07-07,Sunday,20:07,wannadie
2019-07-07,Sunday,12:19,anxious
2019-07-06,Saturday,14:07,fine I’m fine 
2019-07-05,Friday,11:32,calm happy
2019-07-05,Friday,08:10,fine I’m fine 
2019-07-04,Thursday,12:47,fine I’m fine 
2019-07-03,Wednesday,14:42,irritated
2019-07-03,Wednesday,11:35,fine I’m fine 
2019-07-02,Tuesday,17:20,fine I’m fine 
2019-07-02,Tuesday,00:26,fine I’m fine 
2019-07-01,Monday,13:02,fine I’m fine 
2019-06-30,Sunday,12:05,meh
2019-06-29,Saturday,13:47,fine I’m fine 
2019-06-29,Saturday,04:42,meh
2019-06-28,Friday,09:15,meh
2019-06-27,Thursday,14:31,fine I’m fine 
2019-06-26,Wednesday,20:20,meh
2019-06-26,Wednesday,15:28,little tears
2019-06-26,Wednesday,08:49,sick
2019-06-25,Tuesday,21:36,fine I’m fine 
2019-06-25,Tuesday,08:58,sick
2019-06-24,Monday,16:15,meh
2019-06-24,Monday,12:10,anxious
2019-06-24,Monday,08:54,sick
2019-06-23,Sunday,12:34,fine I’m fine 
2019-06-23,Sunday,07:46,meh
2019-06-22,Saturday,10:56,fine I’m fine 
2019-06-21,Friday,22:32,calm happy
2019-06-21,Friday,15:24,fine I’m fine 
2019-06-21,Friday,10:13,sick
2019-06-20,Thursday,20:00,fine I’m fine 
2019-06-20,Thursday,10:27,meh
2019-06-19,Wednesday,05:42,meh
2019-06-18,Tuesday,11:21,meh
2019-06-17,Monday,11:41,meh
2019-06-17,Monday,11:19,anxious
2019-06-16,Sunday,12:21,meh
2019-06-15,Saturday,18:19,fine I’m fine 
2019-06-15,Saturday,09:38,meh
2019-06-14,Friday,22:02,fine I’m fine 
2019-06-14,Friday,14:13,meh
2019-06-14,Friday,11:32,anxious
2019-06-14,Friday,00:56,awful
2019-06-13,Thursday,18:32,sick
2019-06-13,Thursday,09:27,meh
2019-06-12,Wednesday,12:34,meh
2019-06-12,Wednesday,10:25,little tears
2019-06-11,Tuesday,13:17,irritated
2019-06-11,Tuesday,09:05,fine I’m fine 
2019-06-10,Monday,20:19,fine I’m fine 
2019-06-10,Monday,10:14,fine I’m fine 
2019-06-09,Sunday,17:50,in love
2019-06-08,Saturday,20:38,in love
2019-06-08,Saturday,12:16,excited
2019-06-08,Saturday,07:57,fine I’m fine 
2019-06-07,Friday,22:07,fine I’m fine 
2019-06-07,Friday,18:57,meh
2019-06-07,Friday,09:27,fine I’m fine 
2019-06-06,Thursday,14:58,fine I’m fine 
2019-06-06,Thursday,14:31,meh
2019-06-05,Wednesday,17:16,anxious
2019-06-05,Wednesday,10:06,meh
2019-06-04,Tuesday,13:49,fine I’m fine 
2019-06-03,Monday,15:18,meh
2019-06-03,Monday,12:51,little tears
2019-06-02,Sunday,11:56,fine I’m fine 
2019-06-01,Saturday,16:10,in love
2019-06-01,Saturday,08:55,fine I’m fine 
2019-05-31,Friday,20:01,meh
2019-05-31,Friday,12:16,meh
2019-05-31,Friday,09:07,anxious
2019-05-30,Thursday,09:56,meh
2019-05-29,Wednesday,08:27,meh
2019-05-28,Tuesday,09:55,meh
2019-05-27,Monday,20:00,meh
2019-05-27,Monday,07:10,meh
2019-05-26,Sunday,20:00,fine I’m fine 
2019-05-26,Sunday,16:54,meh
2019-05-26,Sunday,12:36,fine I’m fine 
2019-05-25,Saturday,16:32,fine I’m fine 
2019-05-25,Saturday,07:21,meh
2019-05-24,Friday,20:00,meh
2019-05-24,Friday,17:22,anxious
2019-05-24,Friday,13:11,meh
2019-05-24,Friday,00:47,awful
2019-05-23,Thursday,14:11,meh
2019-05-22,Wednesday,21:46,little tears
2019-05-22,Wednesday,19:44,meh
2019-05-22,Wednesday,10:09,meh
2019-05-21,Tuesday,16:10,excited
2019-05-21,Tuesday,09:15,fine I’m fine 
2019-05-20,Monday,12:07,in love
2019-05-19,Sunday,17:44,in love
2019-05-19,Sunday,12:39,fine I’m fine 
2019-05-18,Saturday,20:13,fine I’m fine 
2019-05-18,Saturday,12:40,fine I’m fine 
2019-05-17,Friday,22:54,fine I’m fine 
2019-05-17,Friday,12:48,fine I’m fine 
2019-05-16,Thursday,10:22,meh
2019-05-15,Wednesday,09:52,sick
2019-05-15,Wednesday,08:23,fine I’m fine 
2019-05-14,Tuesday,14:43,fine I’m fine 
2019-05-13,Monday,11:53,sick
2019-05-12,Sunday,22:55,fine I’m fine 
2019-05-12,Sunday,15:45,meh
2019-05-11,Saturday,09:15,fine I’m fine 
2019-05-11,Saturday,07:39,meh
2019-05-10,Friday,12:26,meh
2019-05-09,Thursday,21:07,in love
2019-05-09,Thursday,11:13,fine I’m fine 
2019-05-08,Wednesday,14:24,fine I’m fine 
2019-05-07,Tuesday,19:16,fine I’m fine 
2019-05-07,Tuesday,13:02,meh
2019-05-06,Monday,13:53,sick
2019-05-06,Monday,07:08,fine I’m fine 
2019-05-05,Sunday,22:25,in love
2019-05-05,Sunday,05:42,meh
2019-05-04,Saturday,13:24,fine I’m fine 
2019-05-04,Saturday,04:08,excited
2019-05-03,Friday,12:31,in love
2019-05-02,Thursday,18:23,in love
2019-05-02,Thursday,14:16,irritated
2019-05-02,Thursday,14:15,fine I’m fine 
2019-05-01,Wednesday,21:04,fine I’m fine 
2019-05-01,Wednesday,12:23,sick
2019-04-30,Tuesday,22:13,meh
2019-04-30,Tuesday,18:29,fine I’m fine 
2019-04-29,Monday,17:18,fine I’m fine 
2019-04-29,Monday,02:08,excited
2019-04-28,Sunday,00:21,fine I’m fine 
2019-04-27,Saturday,11:57,fine I’m fine 
2019-04-26,Friday,11:26,fine I’m fine 
2019-04-25,Thursday,23:23,fine I’m fine 
2019-04-25,Thursday,07:42,fine I’m fine 
2019-04-24,Wednesday,21:30,fine I’m fine 
2019-04-24,Wednesday,12:52,meh
2019-04-23,Tuesday,14:47,sick
2019-04-23,Tuesday,12:20,awful
2019-04-22,Monday,15:44,sick
2019-04-22,Monday,12:21,fine I’m fine 
2019-04-21,Sunday,09:16,fine I’m fine 
2019-04-20,Saturday,19:13,sick
2019-04-20,Saturday,11:57,fine I’m fine 
2019-04-19,Friday,20:13,fine I’m fine 
2019-04-19,Friday,08:11,fine I’m fine 
2019-04-18,Thursday,11:43,fine I’m fine 
2019-04-17,Wednesday,07:54,meh
2019-04-17,Wednesday,07:36,bad
2019-04-16,Tuesday,20:02,meh
2019-04-16,Tuesday,09:07,fine I’m fine 
2019-04-15,Monday,12:51,meh
2019-04-14,Sunday,09:19,fine I’m fine 
2019-04-13,Saturday,22:52,fine I’m fine 
2019-04-13,Saturday,13:42,irritated
2019-04-13,Saturday,09:40,meh
2019-04-12,Friday,21:45,fine I’m fine 
2019-04-12,Friday,15:50,irritated
2019-04-12,Friday,08:50,fine I’m fine 
2019-04-11,Thursday,18:45,sick
2019-04-10,Wednesday,09:34,fine I’m fine 
2019-04-09,Tuesday,12:04,fine I’m fine 
2019-04-09,Tuesday,08:24,meh
2019-04-08,Monday,21:33,fine I’m fine 
2019-04-08,Monday,10:24,fine I’m fine 
2019-04-07,Sunday,16:33,excited
2019-04-07,Sunday,13:15,fine I’m fine 
2019-04-06,Saturday,16:30,fine I’m fine 
2019-04-06,Saturday,09:59,meh
2019-04-05,Friday,22:59,awful
2019-04-05,Friday,20:24,meh
2019-04-05,Friday,12:44,fine I’m fine 
2019-04-05,Friday,10:09,meh
2019-04-04,Thursday,13:54,meh
2019-04-03,Wednesday,13:26,fine I’m fine 
2019-04-03,Wednesday,09:42,meh
2019-04-03,Wednesday,09:23,awful
2019-04-02,Tuesday,09:56,fine I’m fine 
2019-04-01,Monday,23:41,anxious
2019-04-01,Monday,15:29,fine I’m fine 
2019-04-01,Monday,08:21,sick
2019-03-31,Sunday,15:20,fine I’m fine 
2019-03-31,Sunday,09:32,sick
2019-03-31,Sunday,01:06,in love
2019-03-30,Saturday,09:19,fine I’m fine 
2019-03-29,Friday,18:30,fine I’m fine 
2019-03-29,Friday,12:52,irritated
2019-03-29,Friday,09:36,fine I’m fine 
2019-03-28,Thursday,13:29,excited
2019-03-28,Thursday,08:02,fine I’m fine 
2019-03-27,Wednesday,19:59,fine I’m fine 
2019-03-27,Wednesday,10:26,fine I’m fine 
2019-03-26,Tuesday,08:43,fine I’m fine 
2019-03-25,Monday,21:57,fine I’m fine 
2019-03-25,Monday,08:42,fine I’m fine 
2019-03-24,Sunday,21:11,fine I’m fine 
2019-03-24,Sunday,12:25,fine I’m fine 
2019-03-23,Saturday,21:22,fine I’m fine 
2019-03-23,Saturday,19:53,meh
2019-03-23,Saturday,07:43,fine I’m fine 
2019-03-22,Friday,12:56,fine I’m fine 
2019-03-22,Friday,08:46,meh
2019-03-21,Thursday,20:00,fine I’m fine 
2019-03-21,Thursday,08:09,meh
2019-03-20,Wednesday,15:22,meh
2019-03-20,Wednesday,11:28,fine I’m fine 
2019-03-19,Tuesday,18:25,fine I’m fine 
2019-03-19,Tuesday,12:52,meh
2019-03-18,Monday,20:00,bad
2019-03-18,Monday,16:04,meh
2019-03-18,Monday,10:24,meh
2019-03-17,Sunday,19:52,meh
2019-03-17,Sunday,08:15,meh
2019-03-16,Saturday,22:33,anxious
2019-03-16,Saturday,16:33,sick
2019-03-16,Saturday,12:13,awful
2019-03-16,Saturday,07:26,fine I’m fine 
2019-03-15,Friday,20:43,meh
2019-03-15,Friday,14:34,fine I’m fine 
2019-03-15,Friday,07:25,fine I’m fine 
2019-03-14,Thursday,18:27,fine I’m fine 
2019-03-14,Thursday,15:15,fine I’m fine 
2019-03-14,Thursday,07:15,sick
2019-03-13,Wednesday,18:38,fine I’m fine 
2019-03-13,Wednesday,17:18,bad
2019-03-13,Wednesday,16:04,sick
2019-03-13,Wednesday,08:58,little tears
2019-03-12,Tuesday,19:43,fine I’m fine 
2019-03-12,Tuesday,17:19,meh
2019-03-12,Tuesday,08:41,fine I’m fine 
2019-03-11,Monday,17:54,fine I’m fine 
2019-03-11,Monday,15:52,meh
2019-03-11,Monday,07:52,meh
2019-03-10,Sunday,19:18,sick
2019-03-10,Sunday,14:50,little tears
2019-03-10,Sunday,08:33,fine I’m fine 
2019-03-09,Saturday,20:12,fine I’m fine 
2019-03-09,Saturday,13:40,meh
2019-03-09,Saturday,07:29,fine I’m fine 
2019-03-08,Friday,19:01,fine I’m fine 
2019-03-08,Friday,14:23,in love
2019-03-08,Friday,07:27,excited
2019-03-07,Thursday,19:10,in love
2019-03-07,Thursday,09:28,fine I’m fine 
2019-03-06,Wednesday,19:21,anxious
2019-03-06,Wednesday,18:24,meh
2019-03-06,Wednesday,09:40,fine I’m fine 
2019-03-05,Tuesday,21:50,anxious
2019-03-05,Tuesday,16:56,meh
2019-03-05,Tuesday,08:16,fine I’m fine 
2019-03-04,Monday,20:38,fine I’m fine 
2019-03-04,Monday,11:14,irritated
2019-03-04,Monday,08:53,meh
2019-03-03,Sunday,20:15,irritated
2019-03-03,Sunday,08:59,fine I’m fine 
2019-03-02,Saturday,20:10,fine I’m fine 
2019-03-02,Saturday,09:03,fine I’m fine 
2019-03-01,Friday,17:12,meh
2019-03-01,Friday,09:54,fine I’m fine 
2019-02-28,Thursday,19:09,excited
2019-02-28,Thursday,14:47,fine I’m fine 
2019-02-28,Thursday,09:58,sick
2019-02-27,Wednesday,20:00,fine I’m fine 
2019-02-27,Wednesday,19:08,anxious
2019-02-27,Wednesday,16:42,in love
2019-02-27,Wednesday,09:22,sick
2019-02-26,Tuesday,21:08,meh
2019-02-26,Tuesday,10:46,fine I’m fine 
2019-02-26,Tuesday,09:05,meh
2019-02-25,Monday,20:51,fine I’m fine 
2019-02-25,Monday,14:03,meh
2019-02-25,Monday,10:25,sick
2019-02-24,Sunday,21:45,in love
2019-02-24,Sunday,17:24,fine I’m fine 
2019-02-24,Sunday,08:34,sick
2019-02-23,Saturday,20:07,fine I’m fine 
2019-02-23,Saturday,12:42,in love
2019-02-23,Saturday,09:24,sick
2019-02-22,Friday,20:00,fine I’m fine 
2019-02-22,Friday,13:37,fine I’m fine 
2019-02-22,Friday,11:32,fine I’m fine 
2019-02-22,Friday,09:21,meh
2019-02-21,Thursday,19:51,meh
2019-02-21,Thursday,16:17,anxious
2019-02-21,Thursday,13:07,meh
2019-02-21,Thursday,09:30,awful
2019-02-20,Wednesday,20:30,in love
2019-02-19,Tuesday,21:01,fine I’m fine 
